{"cameraMode":{"drawMode":0,"name":"Shaded","section":"Shading Mode"},"sceneLighting":true,"audioPlay":false,"sceneViewState":{"m_AlwaysRefresh":false,"showFog":true,"showSkybox":true,"showFlares":true,"showImageEffects":true,"showParticleSystems":true,"showVisualEffectGraphs":true,"m_FxEnabled":true},"in2DMode":false,"pivot":{"x":9.791144371032715,"y":2.1789333820343019,"z":15.003826141357422},"rotation":{"x":0.021880030632019044,"y":-0.23269450664520265,"z":-0.00523664616048336,"w":-0.9722897410392761},"size":15.272132873535157,"orthographic":false}